# Kanji	Deutsche Bedeutung (für npm run kanji)
政	Politik, Regierung
議	Beratung, Debatte
民	Volk, Nation
連	mitnehmen, verbinden, Reihe
対	gegenüber, Paar; gegen
部	Abteilung, Teil
合	passen, zusammenfügen
市	Stadt, Markt
内	innen, innerhalb
相	gegenseitig, zusammen; Minister
定	festlegen, bestimmen
回	Mal, drehen, Runde
選	wählen, auswählen
米	Reis; Amerika
実	Wirklichkeit, Wahrheit; Frucht
関	Verbindung, Schranke
決	entscheiden, beschließen
全	ganz, alle
表	Oberfläche, Tabelle; ausdrücken
戦	Krieg, Kampf
経	vergehen, durchlaufen; Sutra
最	am meisten, äußerst
現	Gegenwart, erscheinen
調	untersuchen; Ton, Melodie
化	verwandeln, sich verändern
当	treffen, zutreffend, dieser
約	ungefähr; Versprechen
首	Hals, Kopf; Zählwort für Gedichte
法	Gesetz, Methode
性	Geschlecht, Natur, Wesen
要	brauchen, Hauptpunkt
制	System, Kontrolle
治	regieren, heilen
務	Aufgabe, Pflicht
成	werden, vollenden
期	Periode, Zeitraum
取	nehmen, holen
都	Hauptstadt, Metropole
和	Harmonie, Frieden; japanisch
機	Maschine, Gelegenheit
平	flach, eben; Frieden
加	hinzufügen, zunehmen
受	empfangen, erhalten
続	fortsetzen, weitergehen
進	vorrücken, fortschreiten
数	Zahl, Anzahl; zählen
記	aufschreiben, Bericht
初	Anfang, erstes Mal
指	Finger; zeigen auf
権	Recht, Macht, Autorität
支	stützen, unterstützen; Zweig
産	Produkt; gebären, erzeugen
点	Punkt, Stelle
報	Bericht, Nachricht; vergelten
済	erledigen, beenden
活	lebhaft, Leben, Aktivität
原	Ursprung; Ebene, Feld
共	zusammen, gemeinsam
得	gewinnen, erlangen
解	lösen, auflösen, verstehen
交	verkehren, mischen, austauschen
資	Mittel, Kapital, Ressourcen
予	im Voraus, vorher
向	Richtung; sich wenden zu
際	Gelegenheit; Rand, Grenze
勝	gewinnen, Sieg
面	Gesicht, Maske; Oberfläche
告	mitteilen, verkünden
反	anti-, gegen; umkehren
判	urteilen, Urteil; Stempel
認	anerkennen, erkennen
参	teilnehmen, besuchen
利	Nutzen, Vorteil, Gewinn
組	Gruppe, Klasse; flechten
信	Glaube, Vertrauen
在	existieren, sich befinden
件	Angelegenheit, Fall
側	Seite
任	Verantwortung, Pflicht; anvertrauen
引	ziehen
求	verlangen, suchen, bitten
所	Ort, Platz
次	nächster, folgend
昨	gestern, vorig
論	Argument, Diskussion, Theorie
官	Beamter, Regierung; Organ
増	zunehmen, vermehren
係	Zuständiger, Beziehung
感	Gefühl, Empfindung
情	Gefühl, Emotion; Umstände
投	werfen
示	zeigen, hinweisen
変	verändern; seltsam
打	schlagen
直	direkt, gerade; reparieren
両	beide; Zählwort für Waggons
式	Zeremonie, Stil, Formel
確	sicher, fest, gewiss
果	Frucht, Ergebnis
容	Inhalt, enthalten; Aussehen
必	unbedingt, notwendig
演	aufführen, darstellen
歳	Jahr, Lebensalter
争	streiten, kämpfen
談	sprechen, Gespräch
能	Fähigkeit, Können; Nō-Theater
位	Rang, Stelle; ungefähr
置	setzen, stellen, legen
流	fließen, Strömung
格	Status, Rang
疑	Zweifel, bezweifeln
過	überschreiten, vergehen; zu viel
局	Amt, Büro; Sender
放	freilassen, loslassen
常	gewöhnlich, immer
状	Zustand, Lage; Brief
球	Ball, Kugel
職	Beruf, Arbeitsstelle
与	geben, gewähren
供	anbieten, darbringen; Begleiter
役	Rolle, Amt, Dienst
構	bauen, gestalten; sich kümmern
割	teilen, spalten; Anteil
費	Kosten, ausgeben
付	anbringen, anhaften
由	Grund, Ursache
説	Theorie, Erklärung
難	schwierig; Unglück
優	sanft, freundlich; überlegen
夫	Ehemann, Mann
収	einnehmen, erhalten
断	abbrechen, ablehnen
石	Stein
違	Unterschied, sich unterscheiden
消	löschen, ausschalten
神	Gott, Geist
番	Reihe, Nummer; Wache
規	Norm, Regel
術	Kunst, Technik
備	vorbereiten, ausstatten
宅	Haus, Wohnung
害	Schaden
配	verteilen; sich sorgen
警	warnen, ermahnen
育	aufziehen, aufwachsen
席	Sitzplatz, Platz
訪	besuchen
乗	fahren, einsteigen
残	übrig bleiben, Rest
想	denken, Gedanke, Idee
声	Stimme
念	Gedanke, Wunsch
助	helfen, retten
労	Arbeit, Mühe
例	Beispiel
然	so, auf diese Weise
限	begrenzen, Grenze
追	verfolgen, jagen
商	Handel, handeln
葉	Blatt
伝	übermitteln, überliefern
働	arbeiten
形	Form, Gestalt
景	Landschaft, Aussicht
落	fallen, herunterfallen
好	mögen, gern haben
退	sich zurückziehen, zurücktreten
頭	Kopf; Zählwort für Großtiere
負	verlieren, Niederlage; tragen
渡	überqueren; übergeben
失	verlieren; Fehler
差	Unterschied, Differenz
末	Ende, Spitze
守	schützen, verteidigen
若	jung; falls
種	Art, Sorte; Samen
美	Schönheit, schön
命	Leben, Schicksal; Befehl
福	Glück, Segen
望	Hoffnung, wünschen
非	un-, nicht; Fehler
観	betrachten, Ansicht
察	vermuten, beobachten
段	Stufe, Treppe; Grad
横	Seite, seitlich, horizontal
深	tief
申	sagen (bescheiden)
様	Art, Weise; Herr/Frau
財	Vermögen, Reichtum
港	Hafen
識	wissen, erkennen
呼	rufen, nennen
達	erreichen; Plural (Personen)
良	gut
候	Klima, Jahreszeit
程	Grad, Ausmaß
満	voll, erfüllt
敗	Niederlage, verlieren
値	Preis, Wert
突	stoßen, durchstoßen; plötzlich
光	Licht, leuchten
路	Weg, Straße
科	Fach, Abteilung
積	anhäufen, stapeln
他	anderer, sonstige
処	behandeln, erledigen; Ort
太	dick, fett
客	Gast, Kunde
否	nein, verneinen
師	Lehrer, Meister
登	steigen, besteigen
易	leicht, einfach; Wahrsagung
速	schnell
存	existieren; wissen
飛	fliegen, springen
殺	töten
号	Nummer; Name
単	einfach, einzeln
座	sitzen, Sitz
破	zerreißen, brechen
除	entfernen, ausschließen
完	vollständig, vollenden
降	herabsteigen, aussteigen; fallen
責	Verantwortung; tadeln
捕	fangen, ergreifen
危	gefährlich
給	Gehalt; geben
苦	Leiden; bitter, schwer
迎	empfangen, abholen
園	Park, Garten
具	Werkzeug, Mittel
辞	Wort; zurücktreten
因	Ursache, Grund
馬	Pferd
愛	Liebe
富	Reichtum, reich
彼	er; jener
未	noch nicht, un-
舞	tanzen, Tanz
亡	sterben, verstorben
冷	kalt, kühl
適	geeignet, passend
婦	Frau, Ehefrau
寄	sich nähern, vorbeischauen
込	voll, gedrängt; hinein-
顔	Gesicht
類	Art, Sorte
余	Rest, Überschuss
王	König
返	zurückgeben, antworten
妻	Ehefrau
背	Rücken; Körpergröße
熱	Hitze, Fieber
宿	Unterkunft, Herberge
薬	Medizin, Arznei
険	steil; gefährlich
頼	bitten; vertrauen
覚	sich merken, erwachen
船	Schiff, Boot
途	Weg, Route
許	erlauben, verzeihen
抜	herausziehen, auslassen
便	Bequemlichkeit; Post, Flug
留	anhalten, bleiben
罪	Schuld, Verbrechen, Sünde
努	sich bemühen
精	Geist, Energie; fein
散	zerstreuen, verstreuen
静	still, ruhig
婚	Heirat, Ehe
喜	sich freuen, Freude
浮	schwimmen, treiben, schweben
絶	abbrechen; absolut
幸	Glück
押	drücken, schieben
倒	umfallen, stürzen
等	usw.; gleich; Klasse
老	alt, Alter
曲	Musikstück; biegen
払	bezahlen
庭	Garten, Hof
徒	zu Fuß; Schüler, Anhänger
勤	arbeiten, dienen, fleißig
遅	spät, langsam
居	wohnen, sich befinden
雑	gemischt, verschieden
招	einladen
困	in Not sein, verlegen
欠	fehlen, Mangel
更	erneuern; ferner
刻	schnitzen; Zeitpunkt
賛	zustimmen, loben
抱	umarmen, halten
犯	Verbrechen, verletzen
恐	fürchten, Angst
息	Atem; Sohn
遠	fern, weit
戻	zurückkehren, zurückgeben
願	Wunsch, bitten
絵	Bild, Gemälde
越	überschreiten, übertreffen
欲	Begierde, wünschen
痛	Schmerz, schmerzhaft
笑	lachen
互	gegenseitig
束	Bündel, Strauß
似	ähneln, gleichen
列	Reihe, Schlange
探	suchen
逃	fliehen, entkommen
遊	spielen
迷	sich verirren, zögern
夢	Traum
君	du; Herr
閉	schließen, geschlossen
緒	Anfang; Schnur
折	falten, brechen
草	Gras, Kraut
暮	leben; Abend, Dämmerung
酒	Alkohol, Sake
悲	traurig
晴	sich aufklären, heiter
掛	hängen, aufhängen
到	ankommen, erreichen
寝	schlafen, sich hinlegen
暗	dunkel
盗	stehlen
吸	einatmen, saugen, rauchen
陽	Sonne, Sonnenschein; Yang
御	ehrenhaft (Präfix); lenken
歯	Zahn
忘	vergessen
雪	Schnee
吹	blasen, wehen
娘	Tochter, Mädchen
誤	Fehler, sich irren
洗	waschen
慣	sich gewöhnen
礼	Dank, Verbeugung, Etikette
窓	Fenster
昔	früher, alte Zeiten
貧	arm, Armut
怒	wütend, sich ärgern
泳	schwimmen
祖	Vorfahr, Ahne
杯	Becher; Zählwort für Tassen
疲	müde, erschöpft
皆	alle
鳴	singen, schreien, klingeln
腹	Bauch
煙	Rauch
眠	schlafen, schläfrig
怖	fürchten, furchterregend
耳	Ohr
頂	Gipfel; erhalten
箱	Kiste, Schachtel
晩	Abend, Nacht
寒	kalt
髪	Haar
忙	beschäftigt
才	Talent; Jahre alt
靴	Schuh
恥	Scham, Schande
偶	zufällig; gerade Zahl
偉	großartig, bedeutend
猫	Katze
幾	wie viele
党	Partei
協	zusammenarbeiten
総	gesamt, allgemein
区	Bezirk, Stadtteil
領	Gebiet, Herrschaft
県	Präfektur
設	einrichten, errichten
改	ändern, erneuern
府	Präfektur; Amt
査	untersuchen
委	Ausschuss; anvertrauen
軍	Armee, Militär
団	Gruppe, Verband
各	jeder, jeweils
島	Insel
革	Leder; Reform
村	Dorf
勢	Kraft, Macht, Schwung
減	abnehmen, verringern
再	wieder, erneut
税	Steuer
営	betreiben, führen; Lager
比	vergleichen, Verhältnis
防	abwehren, verteidigen
補	ergänzen, ersetzen
境	Grenze, Gebiet
導	führen, leiten
副	Vize-, stellvertretend
算	rechnen, berechnen
輸	transportieren
述	darlegen, erwähnen
線	Linie, Strecke
農	Landwirtschaft
州	Staat, Provinz
武	Krieger, Militär
象	Elefant; Erscheinung
域	Bereich, Gebiet
額	Stirn; Betrag; Rahmen
欧	Europa
担	tragen, übernehmen
準	Halb-, entsprechen
賞	Preis, Belohnung
辺	Umgebung, Gegend
造	herstellen, bauen
被	erleiden, bedecken
技	Technik, Fertigkeit
低	niedrig, tief
復	wiederherstellen, zurückkehren
移	verlegen, bewegen, umziehen
個	Einzel-, Zählwort für Dinge
門	Tor
課	Lektion, Abteilung
脳	Gehirn
極	äußerst, Pol
含	enthalten, einschließen
蔵	Speicher, Lagerhaus
量	Menge, messen
型	Form, Typ, Modell
況	Zustand, Lage
針	Nadel
専	Fach-, ausschließlich
谷	Tal
史	Geschichte
階	Stockwerk, Etage
管	Rohr, Röhre; verwalten
兵	Soldat
接	berühren, verbinden
細	fein, dünn, schmal
効	Wirkung, wirken
丸	rund, Kreis
湾	Bucht
録	aufzeichnen
省	Ministerium; auslassen
旧	alt, früher
橋	Brücke
岸	Ufer, Küste
周	Umfang, Runde
材	Material, Holz
戸	Tür
央	Mitte, Zentrum
券	Karte, Schein
編	bearbeiten, stricken
捜	suchen
竹	Bambus
超	über-, übersteigen
並	Reihe, gewöhnlich
療	heilen, behandeln
採	pflücken, auswählen
森	Wald
競	wetteifern, Wettkampf
介	vermitteln
根	Wurzel
販	verkaufen, Handel
歴	Verlauf, Geschichte
将	Anführer, General
幅	Breite
般	allgemein
貿	Handel
講	Vortrag, Vorlesung
林	Hain, Wald
装	Kleidung, ausstatten
諸	verschiedene, alle
劇	Drama, Theater
河	Fluss
航	Schifffahrt, Luftfahrt
鉄	Eisen
児	Kind
禁	verbieten, Verbot
印	Zeichen, Stempel
逆	umgekehrt, gegen
換	tauschen, wechseln
久	lange Zeit
短	kurz
油	Öl, Fett
暴	Gewalt, toben
輪	Rad, Ring, Kreis
占	wahrsagen; besetzen
植	pflanzen
清	rein, klar
倍	doppelt, -fach
均	gleich, Durchschnitt
億	hundert Millionen
圧	Druck
芸	Kunst, Fertigkeit
署	Amt, Behörde; unterzeichnen
伸	dehnen, strecken
停	anhalten, halten
爆	explodieren, platzen
陸	Land, Festland
玉	Kugel, Juwel
波	Welle
帯	Gürtel, Band; Zone
延	verlängern, verschieben
羽	Feder, Flügel
固	hart, fest
則	Regel, Gesetz
乱	Unordnung, Aufruhr
普	allgemein, gewöhnlich
測	messen
豊	reich, reichlich
厚	dick, herzlich
齢	Alter
囲	umgeben, umzingeln
卒	Abschluss; Soldat
略	Abkürzung, auslassen
承	annehmen, zustimmen
順	Reihenfolge, gehorchen
岩	Fels, Stein
練	üben, trainieren
軽	leicht
了	beenden, abschließen
庁	Behörde, Amt
城	Burg, Schloss
患	erkranken, leiden
層	Schicht
版	Druckplatte, Auflage
令	Befehl, Anordnung
角	Ecke, Winkel; Horn
絡	verwickeln, verbinden
損	Verlust, Schaden
募	anwerben, sammeln
裏	Rückseite, hinten
仏	Buddha; Frankreich
績	Leistung, Erfolg
築	bauen, errichten
貨	Ware, Güter; Geld
混	mischen
昇	aufsteigen
池	Teich
血	Blut
温	warm
季	Jahreszeit
星	Stern
永	ewig, lange
著	verfassen; bemerkenswert
誌	Zeitschrift, Aufzeichnung
庫	Lager, Speicher
刊	veröffentlichen
像	Statue, Bild
香	Duft, Weihrauch
坂	Hang, Steigung
底	Boden, Grund
布	Stoff, Tuch
寺	buddhistischer Tempel
宇	Dach; Weltraum
巨	riesig, groß
震	beben, zittern
希	hoffen; selten
触	berühren
依	abhängen von, beruhen
籍	Register, Mitgliedschaft
汚	schmutzig, verschmutzen
枚	Zählwort für flache Dinge
複	doppelt, mehrfach
郵	Post
仲	Beziehung, Vermittler
栄	blühen, gedeihen, Ruhm
札	Schild, Geldschein
板	Brett, Platte
骨	Knochen
傾	neigen, geneigt
届	zustellen, erreichen
巻	Rolle, Band; wickeln
燃	brennen
跡	Spur, Überreste
包	einwickeln, einpacken
駐	parken, sich aufhalten
弱	schwach
紹	vorstellen
雇	anstellen, einstellen
替	tauschen, ersetzen
預	hinterlegen, anvertrauen
焼	braten, brennen
簡	einfach, knapp
章	Kapitel, Abzeichen
臓	Eingeweide, Organ
律	Gesetz, Rhythmus
贈	schenken
照	beleuchten, scheinen
薄	dünn, blass, schwach
群	Gruppe, Herde, Schar
秒	Sekunde
奥	Inneres, tief drinnen
詰	stopfen, füllen
双	Paar, beide
刺	stechen, Dorn
純	rein, echt
翌	folgend, nächst
快	angenehm, heiter
片	einseitig, Stück
敬	respektieren, verehren
悩	sich sorgen, leiden
泉	Quelle
皮	Haut, Fell, Schale
漁	Fischerei, fischen
荒	wild, rau, verwüstet
貯	sparen, speichern
硬	hart, steif
埋	begraben, vergraben
柱	Säule, Pfeiler
祭	Fest, feiern
袋	Beutel, Tasche, Sack
筆	Pinsel, schreiben
訓	Unterweisung; Kun-Lesung
浴	baden
童	Kind
宝	Schatz
封	versiegeln
胸	Brust
砂	Sand
塩	Salz
賢	klug, weise
腕	Arm; Fähigkeit
兆	Vorzeichen; Billion
床	Boden, Bett
毛	Haar, Fell
緑	grün
尊	verehrt, wertvoll
祝	feiern, gratulieren
柔	weich, sanft
殿	Palast, Halle; Herr
濃	dicht, dunkel, stark
液	Flüssigkeit
衣	Kleidung, Gewand
肩	Schulter
零	Null
幼	Kindheit, klein
荷	Gepäck, Last
泊	übernachten
黄	gelb
甘	süß; verwöhnen
臣	Vasall, Minister
浅	seicht, oberflächlich
掃	fegen, kehren
雲	Wolke
掘	graben
捨	wegwerfen
軟	weich
沈	sinken, versinken
凍	gefrieren
乳	Milch, Brust
恋	Liebe, verliebt
紅	tiefrot, Karmesin
郊	Vorort, Stadtrand
腰	Hüfte, Taille
炭	Kohle
踊	tanzen
冊	Zählwort für Bücher
勇	Mut, mutig
械	Maschine
菜	Gemüse, Beilage
珍	selten, seltsam
卵	Ei
湖	See
喫	essen, trinken, rauchen
干	trocknen
虫	Insekt, Wurm
刷	drucken
湯	heißes Wasser, Bad
溶	schmelzen, auflösen
鉱	Erz, Mineral
涙	Träne
匹	Zählwort für kleine Tiere
孫	Enkel
鋭	scharf, spitz
枝	Zweig, Ast
塗	streichen, anmalen
軒	Zählwort für Häuser; Vordach
毒	Gift
叫	schreien, rufen
拝	verehren, anbeten
氷	Eis
乾	trocken, trocknen
棒	Stock, Stab
祈	beten, wünschen
拾	aufheben, finden
粉	Pulver, Mehl
糸	Faden
綿	Baumwolle, Watte
汗	Schweiß
銅	Kupfer
湿	feucht, nass
瓶	Flasche
咲	blühen
召	herbeirufen
缶	Dose, Büchse
隻	Zählwort für Schiffe
脂	Fett
蒸	dämpfen; schwül
肌	Haut
耕	pflügen, bestellen
鈍	stumpf, langsam
泥	Schlamm
隅	Ecke, Winkel
灯	Lampe, Licht
辛	scharf; bitter
磨	polieren, putzen
麦	Weizen, Gerste
姓	Familienname
筒	Rohr, Zylinder
鼻	Nase
粒	Korn, Tropfen
詞	Wort, Wortart
胃	Magen
畳	Tatami-Matte; falten
机	Schreibtisch, Tisch
膚	Haut
濯	waschen
塔	Turm, Pagode
沸	kochen, sieden
灰	Asche
菓	Süßigkeit, Gebäck
帽	Mütze, Hut
枯	verwelken, verdorren
涼	kühl, erfrischend
舟	Boot
貝	Muschel
符	Zeichen, Marke
憎	hassen
皿	Teller, Schale
肯	zustimmen
燥	austrocknen, trocken
畜	Vieh
挟	einklemmen, dazwischen
曇	bewölkt
滴	Tropfen, tropfen
伺	besuchen, fragen (höflich)
氏	Familienname, Herr
統	vereinen, regieren
保	schützen, bewahren
第	Präfix für Ordnungszahlen
結	binden, knüpfen
派	Fraktion, Gruppe
案	Plan, Entwurf
策	Maßnahme, Plan
基	Grundlage, Basis
価	Wert, Preis
提	vorschlagen, vorlegen
挙	anführen, erheben
応	antworten, reagieren
企	planen, unternehmen
検	prüfen, untersuchen
藤	Glyzinie
沢	Sumpf; Fülle
裁	richten, urteilen; zuschneiden
証	Beweis, Nachweis
援	helfen, unterstützen
施	durchführen, gewähren
井	Brunnen
護	schützen, verteidigen
展	entfalten, ausstellen
態	Haltung, Zustand
鮮	frisch, lebhaft
視	sehen, betrachten
条	Artikel, Klausel
幹	Stamm, Hauptteil
独	allein; Deutschland
宮	Schrein, Palast
率	Rate, Verhältnis; führen
衛	Schutz, Verteidigung
張	spannen, dehnen
監	überwachen, beaufsichtigen
環	Ring, Kreis
審	prüfen, urteilen
義	Gerechtigkeit, Pflicht
訴	klagen, verklagen
株	Aktie; Baumstumpf
姿	Gestalt, Figur
閣	Kabinett, Palast
衆	Menge, Masse, Volk
評	bewerten, Kritik
影	Schatten, Silhouette
松	Kiefer
撃	schlagen, angreifen, schießen
佐	Gehilfe, helfen
核	Kern, Atomkern
整	ordnen, regeln
融	schmelzen, auflösen
製	herstellen, Fabrikat
票	Stimmzettel, Zettel
渉	überqueren; verhandeln
響	Echo, widerhallen
推	vermuten, schieben; empfehlen
請	bitten, ersuchen
器	Gefäß, Gerät, Werkzeug
士	Gelehrter, Samurai, Mann
討	angreifen, erörtern
攻	angreifen, Angriff
崎	Kap, Landzunge
督	leiten, beaufsichtigen
授	verleihen, lehren
催	veranstalten, abhalten
及	erreichen, sich erstrecken
憲	Verfassung, Gesetz
離	trennen, sich entfernen
激	heftig, erregt
摘	pflücken, zupfen; hinweisen
系	Abstammung, System
批	Kritik, kritisieren
郎	Sohn, junger Mann
健	gesund, Gesundheit
盟	Bündnis, Eid
従	folgen, gehorchen, begleiten
修	lernen, üben, reparieren
隊	Truppe, Einheit, Gruppe
織	weben, Gewebe
拡	erweitern, ausdehnen
故	Grund; verstorben; alt
振	schwingen, schütteln
弁	Ventil; Rede; Bentō
就	sich niederlassen, antreten
異	anders, verschieden
献	darbringen, spenden
厳	streng, ernst
維	Faser, festhalten
浜	Strand, Küste
遺	hinterlassen, Erbe
塁	Base (Baseball), Festung
邦	Heimatland, Japan
素	Element, schlicht, nackt
遣	senden, schicken; verwenden
抗	widerstehen, Widerstand
模	Muster, nachahmen
雄	männlich, Held
益	Nutzen, Gewinn
緊	fest, straff, angespannt
標	Zeichen, Markierung
宣	verkünden, erklären
昭	hell, leuchtend
廃	abschaffen, veraltet
伊	Italien; jener
江	Bucht, Meeresarm
僚	Kollege, Beamter
吉	Glück, glücklich
盛	gedeihen, aufhäufen, blühen
皇	Kaiser
臨	gegenüberstehen, beiwohnen
踏	treten, betreten
壊	zerbrechen, zerstören
債	Schuld, Anleihe
興	Interesse; aufblühen
源	Quelle, Ursprung
儀	Zeremonie, Regel
創	schaffen, gründen; Wunde
障	behindern, Hindernis
継	erben, fortsetzen
筋	Muskel, Sehne; Handlung
闘	kämpfen, Kampf
葬	bestatten, Begräbnis
避	vermeiden, ausweichen
司	leiten, Beamter
康	Wohlbefinden, Ruhe
善	gut, Tugend
逮	festnehmen, verhaften
迫	drängen, bevorstehen
惑	verwirren, Verwirrung
崩	einstürzen, zerfallen
紀	Chronik, Zeitalter
聴	hören, zuhören
脱	ausziehen, entkommen
級	Klasse, Rang, Stufe
博	Doktor; breit; Ausstellung
締	festziehen, schließen
救	retten, helfen
執	festhalten, ausführen
房	Quaste, Büschel; Zimmer
撤	zurückziehen, entfernen
削	schaben, kürzen, streichen
密	geheim, dicht
措	beiseitelegen, Maßnahme
志	Absicht, Wille, Ziel
載	laden, veröffentlichen
陣	Lager, Schlachtordnung
我	ich, Selbst, Ego
為	tun, machen; wegen
抑	unterdrücken, zurückhalten
幕	Vorhang, Akt; Shogunat
染	färben, Farbe
奈	Nara; was?
傷	Wunde, verletzen
択	wählen, auswählen
秀	hervorragend, übertreffen
徴	Zeichen, Anzeichen; einziehen
弾	Kugel, Geschoss; spielen
償	entschädigen, sühnen
功	Verdienst, Erfolg
拠	Grundlage, sich stützen auf
秘	geheim, verbergen
拒	ablehnen, verweigern
刑	Strafe, bestrafen
塚	Hügel, Grabhügel
致	tun, verursachen
繰	aufwickeln, spulen
尾	Schwanz, Ende
描	zeichnen, beschreiben
鈴	Glöckchen, Klingel
盤	Tablett, Schale, Brett
項	Punkt, Klausel; Nacken
喪	Trauer; verlieren
伴	begleiten, mitbringen
養	aufziehen, ernähren
懸	hängen, aufhängen
街	Straße, Stadtviertel
契	Vertrag, Versprechen
掲	aushängen, hissen
躍	springen, hüpfen
棄	wegwerfen, aufgeben
邸	Residenz, Villa
縮	schrumpfen, verkürzen
還	zurückgeben, zurückkehren
属	gehören zu, Gattung
慮	Überlegung, Sorge
枠	Rahmen
恵	Segen, Gnade
露	Tau; enthüllen; Russland
沖	offene See, Küstengewässer
緩	locker, lockern, langsam
節	Abschnitt; Jahreszeit; sparen
需	Bedarf, Nachfrage
射	schießen, strahlen
購	kaufen, erwerben
揮	schwingen, dirigieren
充	füllen, zuteilen
貢	Tribut, beitragen
鹿	Hirsch
却	vielmehr; zurückweisen
端	Rand, Ende, Kante
賃	Gebühr, Miete, Lohn
獲	fangen, erlangen
郡	Landkreis, Bezirk
併	vereinigen, zusammenlegen
徹	durchdringen, durchziehen
貴	wertvoll, edel
衝	stoßen, zusammenprallen
焦	verbrennen; ungeduldig
奪	rauben, entreißen
災	Unglück, Katastrophe
浦	Bucht, Strand
析	zerlegen, analysieren
譲	abtreten, überlassen
称	Bezeichnung; loben
納	bezahlen, liefern, einlagern
樹	Baum, Holz
挑	herausfordern
誘	einladen, verlocken
紛	durcheinander, verwirren
至	erreichen, gelangen
宗	Religion, Sekte
促	drängen, anregen
慎	vorsichtig, bescheiden
控	zurückhalten, sich enthalten
智	Weisheit, Verstand
握	greifen, halten
宙	Luft, Weltraum
俊	begabt, Genie
銭	Münze, Geld; Sen
渋	herb; zögern
銃	Gewehr, Schusswaffe
操	handhaben, bedienen
携	tragen, mitnehmen
診	untersuchen, diagnostizieren
託	anvertrauen, beauftragen
撮	fotografieren, aufnehmen
誕	Geburt, geboren werden
侵	eindringen, verletzen
括	bündeln, zusammenfassen
謝	danken; sich entschuldigen
駆	treiben, rennen, galoppieren
透	durchsichtig, durchdringen
津	Hafen, Anlegestelle
壁	Wand, Mauer
稲	Reispflanze
仮	vorläufig, provisorisch
裂	zerreißen, spalten
敏	flink, scharfsinnig
是	richtig, so; dies
排	ausschließen, ausstoßen
裕	reichlich, wohlhabend
堅	fest, hart, solide
訳	übersetzen; Grund
芝	Rasen
綱	Seil, Tau; Klasse
典	Vorschrift, Zeremonie
賀	Glückwunsch, Freude
扱	behandeln, handhaben
顧	zurückblicken, berücksichtigen
弘	weit, breit
看	aufpassen, sehen
訟	klagen, Prozess
戒	Gebot, ermahnen
祉	Wohlfahrt, Glück
誉	Ruhm, Ehre, loben
歓	Freude, Vergnügen
奏	musizieren, spielen
勧	empfehlen, raten
騒	lärmen, Lärm, Aufruhr
閥	Clique, Seilschaft
甲	Panzer, Schale; A (Rang)
縄	Strohseil, Schnur
郷	Heimat, Dorf
揺	schwanken, schütteln
免	befreien, erlassen
既	bereits, schon
薦	empfehlen
隣	benachbart, Nachbar
華	Pracht, Blüte
範	Muster, Vorbild
隠	verbergen, verstecken
徳	Tugend, Güte
哲	Philosophie, weise
杉	Zeder
釈	erklären, Erklärung
己	selbst, Selbst
妥	angemessen, friedlich
威	Würde, Macht; drohen
豪	mächtig, großartig
熊	Bär
滞	stocken, sich verzögern
微	winzig, fein
隆	erhaben, blühen
症	Symptom, Krankheit
暫	vorläufig, eine Weile
忠	Treue, Loyalität
倉	Lagerhaus, Speicher
彦	Knabe, junger Mann
肝	Leber; Mut
喚	rufen, schreien
沿	entlang, folgen
妙	seltsam; vortrefflich
唱	singen, rezitieren
阿	schmeicheln; Afrika
索	Seil; suchen
誠	Aufrichtigkeit, Treue
襲	angreifen, überfallen
懇	herzlich, freundlich
俳	Haiku, Schauspieler
柄	Muster; Griff; Wesen
驚	überrascht, erschrecken
麻	Hanf, Flachs; betäubt
李	Pflaume
浩	weit, reichlich
剤	Arznei, Mittel
瀬	Stromschnelle, Untiefe
趣	Geschmack, Reiz; Sinn
陥	fallen in, einstürzen
斎	Reinigung; Studierzimmer
貫	durchbohren, durchziehen
仙	Einsiedler, Unsterblicher
慰	trösten, Trost
序	Vorwort, Anfang, Ordnung
旬	Dekade; Saison
兼	zugleich, verbinden
聖	heilig, Heiliger
旨	Kern, Inhalt; köstlich
即	sofort, nämlich
柳	Weide
舎	Unterkunft, Gebäude
偽	falsch, Fälschung, lügen
較	vergleichen
覇	Vorherrschaft, Hegemonie
詳	ausführlich, genau
抵	widerstehen; erreichen
脅	bedrohen, drohen
茂	wuchern, üppig wachsen
犠	Opfer
旗	Fahne, Flagge
距	Abstand, Entfernung
雅	elegant, anmutig
飾	schmücken, verzieren
網	Netz
竜	Drache
詩	Gedicht, Poesie
繁	üppig, gedeihen
翼	Flügel
潟	Lagune
敵	Feind, Gegner
魅	Reiz, bezaubern
嫌	nicht mögen, hassen
斉	gleich, gleichzeitig
敷	ausbreiten, auslegen
擁	umarmen, unterstützen
圏	Bereich, Sphäre, Kreis
酸	Säure, sauer
罰	Strafe, bestrafen
滅	vernichten, zugrunde gehen
礎	Grundstein, Fundament
腐	faulen, verderben
脚	Bein, Fuß (Möbel)
潮	Gezeiten, Flut
梅	Pflaume, Ume
尽	erschöpfen, aufbrauchen
僕	ich (männlich); Diener
桜	Kirschbaum, Kirschblüte
滑	rutschen, glatt
孤	Waise, allein, einsam
炎	Flamme; Entzündung
賠	entschädigen
句	Satz, Phrase, Vers
鋼	Stahl
頑	hartnäckig, stur
鎖	Kette
彩	Farbe, färben
摩	reiben, polieren
励	ermutigen, sich bemühen
縦	senkrecht, Länge
輝	glänzen, strahlen
蓄	ansammeln, speichern
軸	Achse, Welle
巡	umhergehen, patrouillieren
稼	verdienen, arbeiten
瞬	Augenblick, blinzeln
砲	Kanone, Geschütz
噴	sprühen, ausstoßen
誇	stolz sein, Stolz
祥	glückverheißend, Glück
牲	Opfertier, Opfer
秩	Ordnung
帝	Kaiser, Herrscher
宏	weit, groß
唆	anstiften, verleiten
阻	verhindern, behindern
泰	ruhig, friedlich
賄	bestechen; versorgen
撲	schlagen, prügeln
堀	Graben, Kanal
菊	Chrysantheme
絞	würgen, auswringen
縁	Verbindung, Schicksal; Rand
唯	nur, einzig
膨	schwellen, anschwellen
矢	Pfeil
耐	ertragen, -fest
塾	Nachhilfeschule, Privatschule
漏	lecken, auslaufen
慶	Freude, feiern
猛	heftig, wild
芳	duftend, wohlriechend
懲	bestrafen, züchtigen
剣	Schwert, Klinge
彰	deutlich; ehren
棋	Shōgi, Spielfigur
丁	Block, Häuserblock; Zählwort
恒	beständig, immer
揚	hochziehen, frittieren
冒	riskieren, trotzen
之	dies; von
倫	Ethik, Moral
陳	ausstellen, darlegen
憶	erinnern, Gedächtnis
潜	eintauchen, verbergen
梨	Birne
仁	Menschlichkeit, Güte
克	überwinden
岳	Berggipfel, Gebirge
概	Übersicht, ungefähr
拘	festhalten; sich kümmern um
墓	Grab
黙	schweigen, Stille
須	notwendig, unbedingt
偏	einseitig, parteiisch
雰	Atmosphäre, Stimmung
遇	begegnen; behandeln
諮	befragen, konsultieren
狭	eng, schmal
卓	Tisch; hervorragend
亀	Schildkröte
糧	Proviant, Nahrung
簿	Register, Buch
炉	Herd, Ofen
牧	Weide, Viehzucht
殊	besonders
殖	vermehren, zunehmen
艦	Kriegsschiff
輩	Kamerad, Gefährte
穴	Loch, Höhle
奇	seltsam, merkwürdig
慢	Hochmut, Trägheit
鶴	Kranich
謀	Verschwörung, planen
暖	warm, Wärme
昌	blühend, gedeihend
拍	klatschen, Takt
朗	heiter, klar
寛	tolerant, großzügig
覆	bedecken, umkippen
胞	Zelle, Hülle
泣	weinen
隔	trennen, Abstand
浄	rein, reinigen
没	versinken, untergehen
暇	Freizeit, Muße
肺	Lunge
貞	keusch, treu
靖	friedlich
鑑	Vorbild; begutachten
飼	halten, züchten (Tiere)
陰	Schatten, Yin
銘	Inschrift, Signatur
随	folgen, gemäß
烈	heftig, leidenschaftlich
尋	fragen, suchen
稿	Entwurf, Manuskript
丹	Rot, Zinnober
啓	öffnen, belehren
也	sein (klassisch)
丘	Hügel
棟	Firstbalken, Gebäude
壌	Erde, Boden
漫	ziellos; Comic
玄	geheimnisvoll, schwarz
粘	klebrig, zäh
悟	Erleuchtung, erkennen
舗	Laden; pflastern
妊	Schwangerschaft
熟	reif, reifen
旭	aufgehende Sonne
恩	Gunst, Dankesschuld
騰	steigen, emporschnellen
往	gehen, hin
豆	Bohne, Erbse
遂	vollbringen, erreichen
狂	verrückt, wahnsinnig
岐	Gabelung, abzweigen
陛	Majestät
緯	Breitengrad, Schussfaden
培	anbauen, pflegen
衰	verfallen, schwächer werden
艇	Boot
屈	beugen, nachgeben
径	Durchmesser, Pfad
淡	blass, leicht
抽	herausziehen
披	öffnen, enthüllen
廷	Hof, Kaiserhof
錦	Brokat
准	halb-, quasi-
暑	heiß (Wetter), Hitze
磯	Felsküste, Strand
奨	ermutigen, empfehlen
浸	eintauchen, durchnässen
剰	Überschuss
胆	Galle; Mut
繊	fein, Faser
駒	Pony, Fohlen; Spielfigur
虚	leer, nichtig
霊	Geist, Seele
帳	Heft, Notizbuch
悔	bereuen
諭	ermahnen, belehren
惨	elend, grausam
虐	misshandeln, unterdrücken
翻	umdrehen, flattern
墜	abstürzen
沼	Sumpf, Teich
据	aufstellen, legen
肥	Dünger; dick werden, fruchtbar
徐	allmählich, langsam
糖	Zucker
搭	einsteigen, laden
盾	Schild
脈	Puls, Ader
滝	Wasserfall
軌	Spur, Gleis
俵	Strohsack, Ballen
妨	stören, hindern
擦	reiben, kratzen
鯨	Wal
荘	Landhaus, Villa
諾	Zustimmung
雷	Donner, Blitz
漂	treiben, schweben
懐	Brust; vermissen, nostalgisch
勘	Intuition, Gespür
栽	pflanzen, anbauen
拐	entführen
駄	Packpferd; wertlos
添	hinzufügen, begleiten
冠	Krone
斜	schräg, diagonal
鏡	Spiegel
聡	klug, weise
浪	Welle; umherwandern
亜	Asien; zweitrangig
覧	ansehen, betrachten
詐	Betrug, täuschen
壇	Podium, Bühne
勲	Verdienst, Orden
魔	Dämon, Teufel
酬	vergelten, belohnen
紫	Violett, Lila
曙	Morgendämmerung
紋	Wappen, Muster
卸	Großhandel
奮	anspornen, sich aufraffen
欄	Spalte, Geländer
逸	abweichen, entgehen
涯	Ufer, Grenze
拓	urbar machen, erschließen
眼	Auge
獄	Gefängnis
尚	außerdem, noch; schätzen
彫	schnitzen, gravieren
穏	ruhig, sanft
顕	deutlich, erscheinen
巧	geschickt, gewandt
矛	Hellebarde, Speer
垣	Hecke, Zaun
欺	betrügen, täuschen
釣	angeln
萩	Buschklee
粛	feierlich, still
栗	Kastanie
愚	dumm, töricht
嘉	loben, glücklich
遭	begegnen, erleiden
架	Gestell, errichten
鬼	Dämon, Oni
庶	einfaches Volk
稚	kindlich, jung
滋	nahrhaft
幻	Illusion, Trugbild
煮	kochen, sieden
姫	Prinzessin
誓	schwören, geloben
把	greifen, Bündel
践	betreten, ausführen
呈	überreichen, zeigen
疎	entfremdet, spärlich
仰	aufblicken, verehren
剛	stark, hart
疾	schnell; Krankheit
征	erobern, unterwerfen
砕	zerschlagen, zerbrechen
謡	Nō-Gesang, Lied
嫁	Braut; einheiraten
謙	bescheiden
后	Kaiserin
嘆	seufzen, klagen
菌	Bakterie, Pilz
鎌	Sichel
巣	Nest
頻	häufig, wiederholt
琴	Koto, Harfe
班	Gruppe, Trupp
棚	Regal
潔	rein, sauber
酷	grausam, hart
宰	leiten, verwalten
廊	Korridor, Flur
寂	einsam, still
辰	Drache (Tierkreis)
霞	Dunst, Nebel
伏	sich niederlegen, verbergen
碁	Go (Brettspiel)
俗	weltlich, Sitte; vulgär
漠	vage; Wüste
邪	böse, falsch
晶	Kristall, funkeln
墨	Tusche
鎮	beruhigen, unterdrücken
洞	Höhle
履	anziehen (Schuhe), ausführen
劣	unterlegen, schlechter
那	was? (Lautzeichen)
殴	schlagen, prügeln
娠	Schwangerschaft
奉	darbringen, dienen
憂	Kummer, sich sorgen
朴	schlicht, einfach
亭	Pavillon, Gasthaus
淳	rein, aufrichtig
怪	seltsam, verdächtig; Gespenst
鳩	Taube
酔	betrunken; übel werden
惜	bedauern, schade
穫	ernten
佳	schön, ausgezeichnet
潤	feucht, befeuchten; Gewinn
悼	trauern, betrauern
乏	knapp, arm
該	betreffend, besagt
赴	sich begeben
桑	Maulbeerbaum
桂	Katsurabaum, Zimtbaum
髄	Mark, Essenz
虎	Tiger
盆	Tablett; Obon-Fest
晋	vorrücken
穂	Ähre
壮	kräftig, stattlich
堤	Deich, Damm
飢	hungern
傍	Seite, daneben
疫	Seuche, Epidemie
累	anhäufen, Belastung
痴	dumm, töricht
搬	transportieren, tragen
晃	klar, strahlend
癒	heilen
桐	Paulownie
寸	Sun (Längenmaß); ein wenig
郭	Umfriedung, Viertel
尿	Urin
凶	Unheil, böse
吐	spucken, erbrechen
宴	Bankett, Fest
鷹	Falke, Habicht
賓	Gast, Ehrengast
虜	Gefangener
陶	Keramik, Töpferware
鐘	Glocke
憾	bedauern
猪	Wildschwein
紘	weit, groß
磁	Magnet; Porzellan
弥	immer mehr
昆	Insekt; Nachkommen
粗	grob, rau
訂	korrigieren, berichtigen
芽	Knospe, Keim
庄	Landgut, Dorf
傘	Regenschirm
敦	aufrichtig, herzlich
騎	reiten, Reiter
寧	lieber; friedlich
循	folgen, zirkulieren
忍	ertragen, erdulden
怠	faul, vernachlässigen
如	wie, gleich
寮	Wohnheim
祐	Hilfe, göttlicher Beistand
鵬	Phönix, Riesenvogel
鉛	Blei
珠	Perle, Juwel
凝	erstarren, steif; sich vertiefen
苗	Setzling
獣	Tier, Bestie
哀	traurig, Kummer
跳	springen, hüpfen
匠	Handwerker, Meister
垂	herabhängen
蛇	Schlange
澄	klar, sich klären
縫	nähen
僧	buddhistischer Mönch
眺	betrachten, überblicken
亘	sich erstrecken über
呉	geben; Wu (China)
凡	gewöhnlich, mittelmäßig
憩	Rast, ausruhen
媛	schöne Frau, Prinzessin
溝	Graben, Rinne
恭	ehrerbietig, respektvoll
刈	mähen, schneiden
睡	Schlaf, schläfrig
錯	durcheinander, verwirrt
伯	Onkel, Tante; Graf
笹	Bambusgras
穀	Getreide
陵	Kaisergrab, Grabhügel
霧	Nebel
魂	Seele, Geist
弊	Übel, Missstand
妃	Prinzessin, Königin
舶	Schiff
餓	hungern, verhungern
窮	Not, in Bedrängnis
掌	Handfläche; verwalten
麗	schön, anmutig
綾	Muster, Köper
臭	stinkend, Geruch
悦	Freude, Wonne
刃	Klinge, Schneide
縛	fesseln, binden
暦	Kalender
宜	gut, angemessen
盲	blind
粋	schick, elegant; Essenz
辱	Schande, demütigen
毅	stark, entschlossen
轄	Kontrolle, verwalten
猿	Affe
弦	Sehne, Saite
稔	reifen, Ernte
窒	verstopfen, ersticken
炊	kochen (Reis)
洪	Flut, Hochwasser
摂	aufnehmen; vertreten
飽	satt, überdrüssig
冗	überflüssig
桃	Pfirsich
狩	jagen
朱	Zinnoberrot
渦	Strudel, Wirbel
紳	Gentleman
枢	Angelpunkt, Zentrum
碑	Denkmal, Grabstein
鍛	schmieden, trainieren
刀	Schwert, Messer
鼓	Trommel
裸	nackt
猶	noch, außerdem
塊	Klumpen, Brocken
旋	drehen, kreisen
弓	Bogen
幣	Geld, Münze; Opfergabe
膜	Membran, Haut
扇	Fächer
腸	Darm
槽	Bottich, Tank
慈	Barmherzigkeit
楊	Weide
伐	fällen, angreifen
駿	edles Pferd; schnell
漬	einlegen, eintauchen
糾	untersuchen, verdrehen
亮	klar, hell
墳	Grabhügel
坪	Tsubo (ca. 3,3 m²)
紺	Dunkelblau, Marineblau
娯	Vergnügen, Unterhaltung
椿	Kamelie
舌	Zunge
羅	Gaze, dünne Seide
峡	Schlucht
俸	Gehalt, Sold
厘	Rin (kleine Einheit)
峰	Gipfel
圭	Edelstein, Jade
醸	brauen, verursachen
蓮	Lotus
弔	trauern, Beileid
乙	zweiter, B; eigenartig
汁	Suppe, Saft
尼	Nonne
遍	überall; Mal
衡	Gleichgewicht, Waage
薫	duften, Duft
猟	Jagd
羊	Schaf
款	Artikel, Klausel
閲	durchsehen, prüfen
偵	spionieren, auskundschaften
喝	schelten, anschreien
敢	wagemutig, kühn
胎	Mutterleib, Gebärmutter
酵	Gärung
憤	Empörung, sich entrüsten
豚	Schwein
遮	abschirmen, unterbrechen
扉	Tür, Titelseite
硫	Schwefel
赦	Begnadigung, Vergebung
窃	stehlen, heimlich
泡	Blase, Schaum
瑞	glückverheißend
又	wiederum, außerdem
慨	bedauern, seufzen
紡	spinnen
恨	Groll, bedauern
肪	Fett
扶	helfen, unterstützen
戯	spielen, Scherz
伍	fünf, Reihe
忌	Trauer, meiden, verabscheuen
濁	trüb, stimmhaft
奔	rennen, eilen
斗	Schöpfkelle, Großer Wagen
蘭	Orchidee; Holland
迅	schnell
肖	Ähnlichkeit
鉢	Schale, Topf
朽	verfaulen, verrotten
殻	Schale, Hülse
享	genießen, empfangen
秦	Qin (Dynastie)
茅	Schilfgras
藩	Lehen, Feudalgebiet
沙	Sand
輔	helfen
媒	Vermittler
鶏	Huhn
禅	Zen, Meditation
嘱	anvertrauen, beauftragen
胴	Rumpf, Torso
迭	abwechseln, ablösen
挿	einstecken, einfügen
嵐	Sturm
椎	Wirbel (Rückgrat)
絹	Seide
陪	begleiten
剖	zerteilen, sezieren
譜	Noten, Stammbaum
郁	duftend, Kultur
悠	fern, gelassen, ewig
淑	anmutig, tugendhaft
帆	Segel
暁	Morgendämmerung
傑	hervorragend, Held
楠	Kampferbaum
笛	Flöte, Pfeife
玲	Klang von Juwelen
奴	Kerl, Sklave
錠	Schloss, Tablette
拳	Faust
翔	fliegen, schweben
遷	verlegen, wechseln
拙	ungeschickt
侍	Samurai, dienen
尺	Shaku (Längenmaß), Maß
峠	Bergpass, Höhepunkt
篤	herzlich, ernsthaft
肇	Beginn
渇	Durst, austrocknen
叔	jüngerer Onkel, jüngere Tante
雌	weiblich
亨	reibungslos verlaufen
堪	ertragen, aushalten
叙	schildern, verleihen
酢	Essig
吟	rezitieren, singen
逓	nacheinander, weiterleiten
嶺	Gipfel, Bergkamm
甚	sehr, äußerst
喬	hoch
崇	verehren, erhaben
漆	Lack, Lackbaum
岬	Kap, Landzunge
癖	Angewohnheit, Eigenart
愉	Freude, fröhlich
寅	Tiger (Tierkreis)
礁	Riff
乃	und, folglich
洲	Sandbank, Kontinent
屯	Lager, Kaserne
樺	Birke
槙	Steineibe
姻	Heirat
巌	Fels
擬	nachahmen, imitieren
塀	Zaun, Mauer
唇	Lippe
睦	freundschaftlich, harmonisch
閑	Muße, ruhig
胡	fremd, barbarisch
幽	tief, dunkel, abgeschieden
峻	steil, streng
曹	Beamter, Unteroffizier
詠	Gedicht, rezitieren
卑	niedrig, gemein
侮	verachten, geringschätzen
鋳	gießen (Metall)
抹	reiben, tilgen
尉	Offizier
槻	Zelkove
隷	Sklave, Diener
禍	Unheil, Unglück
蝶	Schmetterling
酪	Milchprodukte
茎	Stiel, Stängel
帥	Befehlshaber
逝	sterben, dahinscheiden
汽	Dampf
琢	polieren, schleifen
匿	verstecken, verbergen
襟	Kragen
蛍	Glühwürmchen
蕉	Banane
寡	wenig; Witwe
琉	Lapislazuli, Juwel
痢	Durchfall
庸	gewöhnlich, mittelmäßig
朋	Freund, Gefährte
坑	Grube, Schacht
藍	Indigo
賊	Dieb, Rebell
搾	auspressen
畔	Ufer, Feldrain
遼	fern
唄	Lied, Ballade
孔	Loch; Konfuzius
橘	Mandarine
漱	gurgeln, Mund spülen
呂	Rückgrat
拷	foltern
嬢	Fräulein, Tochter
苑	Garten, Park
巽	Südosten
杜	Hain, Wald
渓	Bergbach, Tal
翁	alter Mann, Greis
廉	billig, redlich
謹	ehrerbietig, respektvoll
瞳	Pupille
湧	hervorquellen, sprudeln
欣	sich freuen
窯	Brennofen
褒	loben
醜	hässlich
升	Masu (Hohlmaß, 1,8 l)
殉	Märtyrertod
煩	Sorge, lästig
巴	Kommamuster, Wirbel
禎	Glück, Segen
劾	anklagen
堕	fallen, verkommen
租	Steuer, Pacht
稜	Kante, Grat
桟	Gerüst, Steg
倭	Yamato, Alt-Japan
婿	Bräutigam, Schwiegersohn
慕	sich sehnen, verehren
斐	schön, gemustert
罷	aufhören, entlassen
矯	korrigieren, begradigen
某	ein gewisser
囚	Gefangener
魁	Anführer, Vorreiter
虹	Regenbogen
鴻	Wildgans, groß
泌	absondern
於	in, an, bei
赳	tapfer, stark
漸	allmählich
蚊	Mücke
葵	Stockrose, Malve
厄	Unglück, Unheil
藻	Alge, Wasserpflanze
禄	Lehen, Gehalt
孟	Anfang, Ältester
嫡	Hauptfrau, legitimer Erbe
尭	hoch
嚇	drohen, einschüchtern
巳	Schlange (Tierkreis)
凸	konvex
暢	ausdehnen, ungezwungen
韻	Reim, Klang
霜	Frost, Reif
硝	Salpeter
勅	kaiserlicher Erlass
芹	Japanische Petersilie
杏	Aprikose
棺	Sarg
儒	Konfuzianismus
鳳	Phönix
馨	Duft, duftend
慧	weise, klug
愁	Kummer, Schwermut
楼	Turm, hohes Gebäude
彬	kultiviert, fein
匡	berichtigen, retten
眉	Augenbraue
欽	verehren, ehren
薪	Brennholz
褐	braun
賜	schenken, Gabe
嵯	steil, zerklüftet
綜	zusammenfassen
繕	reparieren, ausbessern
栓	Stöpsel, Korken, Hahn
翠	grün, Eisvogel
鮎	Ayu (Süßwasserfisch)
榛	Hasel
凹	konkav, Vertiefung
艶	Glanz, Charme
惣	alle, gesamt
蔦	Efeu
錬	schmieden, stählen
隼	Falke
渚	Strand, Ufer
衷	Innerstes, Herz
逐	verfolgen, vertreiben
斥	zurückweisen, abstoßen
稀	selten
芙	Lotus
詔	kaiserlicher Erlass
皐	Sumpf, Ufer
雛	Küken, Puppe
惟	bedenken, nachdenken
佑	helfen, beistehen
耀	glänzen, strahlen
黛	Augenbrauenschminke
渥	Güte, befeuchten
憧	sich sehnen
宵	Abend, früher Abend
妄	Wahn, unbesonnen
惇	aufrichtig, herzlich
脩	Trockenfleisch
甫	erst, anfänglich
酌	Sake einschenken
蚕	Seidenraupe
嬉	froh, erfreut
蒼	blau, blass
暉	Glanz, Licht
頒	verteilen
只	nur, lediglich; kostenlos
肢	Gliedmaßen
檀	Sandelholz, Spindelbaum
凱	Siegeslied, Triumph
彗	Komet
謄	abschreiben, Kopie
梓	Trompetenbaum, Druckstock
丑	Ochse (Tierkreis)
嗣	Erbe, Nachfolger
叶	erfüllen, in Erfüllung gehen
汐	Abendflut, Gezeiten
絢	prächtig, farbenfroh
朔	Neumond, Monatserster
伽	Gesellschaft leisten, Pflege
畝	Furche, Beet
抄	Auszug, Exzerpt
爽	erfrischend, frisch
黎	dunkel; Tagesanbruch
惰	faul, Trägheit
蛮	Barbar
冴	klar, scharf, kalt
旺	blühend, lebhaft
萌	sprießen, keimen
偲	sich erinnern, gedenken
壱	eins (in Urkunden)
瑠	Lapislazuli
允	erlauben, aufrichtig
侯	Marquis, Fürst
蒔	säen
鯉	Karpfen
弧	Bogen (Kreis)
遥	fern, weit
舜	Hibiskus
瑛	Kristall, Edelsteinglanz
附	anhängen, beifügen
彪	gefleckt, gemustert
卯	Hase (Tierkreis)
但	jedoch, aber
綺	schön, gemusterter Stoff
芋	Kartoffel, Knolle
茜	Krapp, Rot
凌	ertragen, überstehen
皓	weiß, hell
洸	funkelndes Wasser
毬	Ball, Stachelhülle
婆	alte Frau, Oma
緋	scharlachrot
鯛	Meerbrasse
怜	klug, weise
邑	Dorf
倣	nachahmen
碧	blaugrün, Jade
啄	picken
穣	reiche Ernte, Wohlstand
酉	Hahn (Tierkreis), Vogel
悌	Ehrfurcht vor Älteren
倹	sparsam
柚	Yuzu (Zitrusfrucht)
繭	Kokon
勺	Schöpfkelle; Hohlmaß
斤	Axt; Kin (Gewichtsmaß)
匁	Monme (3,75 g)
且	außerdem, zudem
旦	Morgen, Tagesanbruch
丙	Dritter (Rang), C
伎	Kunst, Geschick
亥	Wildschwein (Tierkreis)
丞	helfen, Minister
凪	Windstille, Flaute
弐	zwei (in Urkunden)
亦	ebenfalls, auch
吏	Beamter
汰	aussieben, auslesen
玖	neun (in Urkunden)
冶	schmelzen, verhütten
伶	Schauspieler, Musiker
茄	Aubergine
侃	aufrecht, gerecht
昂	steigen, erhoben
采	Würfel, Aussehen
侑	zum Essen ermuntern
茉	Jasmin
迪	Weg, führen
哉	ach, wie! (Ausruf)
胤	Nachkomme
衿	Kragen
柊	Stechpalme
柾	Spindelbaum, gerade Maserung
耶	Fragepartikel
宥	besänftigen, verzeihen
勁	stark
奎	Stern, Gott der Literatur
昴	Plejaden
洵	wahrlich, wirklich
莉	Jasmin
栞	Lesezeichen, Führer
莞	lächeln; Binse
倖	Glück
紗	Gaze
恕	verzeihen, nachsichtig
朕	Wir (kaiserlich)
耗	abnehmen, verbrauchen
晏	ruhig, spät
晟	hell, klar
袈	Mönchsgewand
絃	Saite
梧	Parasolbaum
捷	Sieg, schnell
梢	Baumwipfel, Zweigspitze
菖	Schwertlilie
紬	Tsumugi-Seide
捺	drücken, stempeln
崚	Bergkette
晨	Morgen, früh
眸	Pupille
笙	Mundorgel (Shō)
菫	Veilchen
竣	vollenden
脹	anschwellen, sich ausdehnen
痘	Pocken
椋	Star (Vogel), Muku-Baum
琳	Juwel, Klingen von Juwelen
楓	Ahorn
虞	Befürchtung, Gefahr
瑚	Koralle
裟	Mönchsgewand
嵩	Umfang, Masse
塑	formen, modellieren
蓉	Lotus
椰	Kokospalme
滉	tief und weit (Wasser)
瑶	schön wie Jade
詢	befragen, beraten
頌	Lobrede, Lobgesang
颯	rasch, frisch (Wind)
箇	Zählwort für Gegenstände
瑳	polieren, Glanz
爾	du; so, danach
碩	groß, bedeutend
銑	Roheisen
綸	Faden, Seidenstoff
諒	verstehen, Einsicht
璃	Lapislazuli, Glas
謁	Audienz
誼	Freundschaft
遵	befolgen, gehorchen
賦	Abgabe, Gedicht
諄	eindringlich, wiederholt
凜	streng, kalt, würdevoll
熙	hell, blühend
叡	Weisheit, kaiserlich
墾	urbar machen
錘	Gewicht, Senkblei
蕗	Pestwurz
澪	Fahrrinne
燎	brennen, Feuer
瞭	klar, deutlich
鞠	Ball
燦	strahlend, glänzend
爵	Adelstitel, Rang
麿	ich (veraltet)
濫	übermäßig, Missbrauch
燿	glänzen
麟	Kirin (Fabeltier), Giraffe
